firstName,lastName,email,phone,company,jobTitle
John,Doe,john.doe@example.com,1234567890,Example Inc.,Software Engineer
Jane,Smith,jane.smith@example.com,0987654321,Another Co.,Product Manager
Alice,Johnson,alice.johnson@example.com,1122334455,Tech Solutions,Data Analyst
Bob,Brown,bob.brown@example.com,2233445566,FutureTech,Web Developer
Charlie,Davis,charlie.davis@example.com,3344556677,Innovatech,Project Manager
David,Wilson,david.wilson@example.com,4455667788,Creative Corp,Graphic Designer
Emma,Moore,emma.moore@example.com,5566778899,BuildIt,UI/UX Designer
Sophia,Clark,sophia.clark@example.com,6677889900,CodeCraft,DevOps Engineer
Liam,Taylor,liam.taylor@example.com,7788990011,NetGain,Cloud Architect
Mia,Anderson,mia.anderson@example.com,8899001122,VisionSoft,HR Manager
Noah,Thomas,noah.thomas@example.com,9900112233,SmartTech,QA Engineer
Ava,Jackson,ava.jackson@example.com,1011121314,FutureSoft,Mobile Developer
Elijah,White,elijah.white@example.com,1112131415,FastNet,Backend Developer
Isabella,Harris,isabella.harris@example.com,1213141516,CyberWorks,Cybersecurity Analyst
James,Martin,james.martin@example.com,1314151617,DataPros,Data Scientist
Lucas,Lee,lucas.lee@example.com,1415161718,CoreTech,System Administrator
Amelia,Perez,amelia.perez@example.com,1516171819,HealthSoft,Healthcare Analyst
Mason,Gonzalez,mason.gonzalez@example.com,1617181920,AdWorld,Marketing Specialist
Charlotte,Nelson,charlotte.nelson@example.com,1718192021,GreenBuild,Civil Engineer
Ethan,Walker,ethan.walker@example.com,1819202122,EcoEnergy,Environmental Scientist
Harper,Hall,harper.hall@example.com,1920212223,NextGen,Game Developer
Oliver,Allen,oliver.allen@example.com,2021222324,AgriTech,Agricultural Engineer
Avery,Wright,avery.wright@example.com,2122232425,RoboSoft,Robotics Engineer
Benjamin,King,benjamin.king@example.com,2223242526,MedLife,Pharmacist
Ella,Scott,ella.scott@example.com,2324252627,Edulabs,Education Consultant
Henry,Green,henry.green@example.com,2425262728,RealTech,Real Estate Agent
Lily,Adams,lily.adams@example.com,2526272829,SoftServe,Technical Writer
Alexander,Baker,alexander.baker@example.com,2627282930,NextSoft,Full Stack Developer
Grace,Campbell,grace.campbell@example.com,2728293031,BioTech,Biotechnologist
Samuel,Carter,samuel.carter@example.com,2829303132,AutoWorks,Mechanical Engineer
Chloe,Rivera,chloe.rivera@example.com,2930313233,AeroTech,Aerospace Engineer
Daniel,Mitchell,daniel.mitchell@example.com,3031323334,EnterSoft,ERP Consultant
Victoria,Roberts,victoria.roberts@example.com,3132333435,CloudPros,Solutions Architect
Matthew,Gomez,matthew.gomez@example.com,3233343536,VisionTech,Augmented Reality Specialist
Hannah,Phillips,hannah.phillips@example.com,3334353637,SafeNet,IT Security Specialist
Logan,Evans,logan.evans@example.com,3435363738,DeepAI,AI Researcher
Scarlett,Turner,scarlett.turner@example.com,3536373839,ThinkTank,Consultant
Jackson,Hughes,jackson.hughes@example.com,3637383940,AdLabs,Creative Director
Zoe,Flores,zoe.flores@example.com,3738394041,HealthTech,Medical Technologist
Sebastian,Sanders,sebastian.sanders@example.com,3839404142,GreenLife,Renewable Energy Specialist
Layla,Morris,layla.morris@example.com,3940414243,FarmWorks,Agronomist
Owen,Peterson,owen.peterson@example.com,4041424344,ProBuild,Construction Manager
Emily,Reed,emily.reed@example.com,4142434445,SmartGrid,Electrical Engineer
Ryan,Bailey,ryan.bailey@example.com,4243444546,NextWave,Oceanographer
Aria,Bell,aria.bell@example.com,4344454647,StudioWorks,Animator
Carter,Cox,carter.cox@example.com,4445464748,RapidTech,Network Engineer
Abigail,Richardson,abigail.richardson@example.com,4546474849,BrightTech,IoT Developer
Luke,Wood,luke.wood@example.com,4647484950,AutoAI,Autonomous Systems Engineer
Sophia,Young,sophia.young@example.com,4748495051,NeoNet,Blockchain Developer
